Id,Label,Forum
pinkdodo11,pinkdodo11,TW
NardpuncherJunior,NardpuncherJunior,TW
Kuruten,Kuruten,TW
Chih0705,Chih0705,TW
wakethenight,wakethenight,TW
iamthatiamish,iamthatiamish,TW
FireflyCaptain,FireflyCaptain,TW
blinktwiceifnoob,blinktwiceifnoob,TW
SKobiBeef,SKobiBeef,TW
IvanThePohBear,IvanThePohBear,TW
Aldorg66,Aldorg66,TW
Tencent_lover520,Tencent_lover520,TW
apogeescintilla,apogeescintilla,TW
jaysanw,jaysanw,TW
savehoward,savehoward,TW
introverted_lasagna,introverted_lasagna,TW
Existing-Exit2409,Existing-Exit2409,TW
Turbo-EarLobe,Turbo-EarLobe,TW
Ancient-Progress5182,Ancient-Progress5182,TW
Informal_Funeral,Informal_Funeral,TW
RightClaim78,RightClaim78,TW
xhruso00,xhruso00,TW
joeman1523,joeman1523,TW
Strangledmen,Strangledmen,TW
taintedCH,taintedCH,TW
zkkzkk32312,zkkzkk32312,TW
robotspierre,robotspierre,TW
nightred,nightred,TW
SouthernFurry,SouthernFurry,TW
kaikai34,kaikai34,TW
PapaSmurf1502,PapaSmurf1502,TW
Kamjiang,Kamjiang,TW
Certain_Minimum_2307,Certain_Minimum_2307,TW
Comfortable-Bat6739,Comfortable-Bat6739,TW
Ok_Performer4498,Ok_Performer4498,TW
drewskie_drewskie,drewskie_drewskie,TW
dvoider,dvoider,TW
ateyourgrandmaa,ateyourgrandmaa,TW
dobrej_matros,dobrej_matros,TW
Lynncy1,Lynncy1,TW
MarionberrySweet9308,MarionberrySweet9308,TW
heyIwatchanime,heyIwatchanime,TW
Six_Kwai,Six_Kwai,TW
Confident_Jacket_344,Confident_Jacket_344,TW
TheIronSheikh00,TheIronSheikh00,TW
bmanvg21,bmanvg21,TW
ZennMD,ZennMD,TW
RustyShackelford__,RustyShackelford__,TW
theironguard30,theironguard30,TW
afiqasyran86,afiqasyran86,TW
txiao007,txiao007,TW
jupiterblossoms,jupiterblossoms,TW
jodakotawi1134,jodakotawi1134,TW
ResponsibleHousing33,ResponsibleHousing33,TW
diorling,diorling,TW
alohio12,alohio12,TW
Pitiful_Read_5335,Pitiful_Read_5335,TW
miserablembaapp,miserablembaapp,TW
Weak_Firefighter_361,Weak_Firefighter_361,TW
Pretty-Secret-6935,Pretty-Secret-6935,TW
diffidentblockhead,diffidentblockhead,TW
No-Surprise-5893,No-Surprise-5893,TW
wonderedwonderer,wonderedwonderer,TW
PushRich,PushRich,TW
Revolutionary-Mix637,Revolutionary-Mix637,TW
Noirsnow,Noirsnow,TW
lstsmle331,lstsmle331,TW
Additional_Show5861,Additional_Show5861,TW
OkMind7000,OkMind7000,TW
MukdenMan,MukdenMan,TW
Professional-Onion38,Professional-Onion38,TW
MDZPNMD,MDZPNMD,TW
s8018572,s8018572,TW
Raiden-1215,Raiden-1215,TW
Grouchy_Pitch_3936,Grouchy_Pitch_3936,TW
devilskyvim,devilskyvim,TW
luv2ctheworld,luv2ctheworld,TW
030helios,030helios,TW
jewson,jewson,TW
Boaty_McBoatface__,Boaty_McBoatface__,TW
kerhart2,kerhart2,TW
LikeagoodDuck,LikeagoodDuck,TW
jmsunseri,jmsunseri,TW
BadBoySwag,BadBoySwag,TW
VisualShare7883,VisualShare7883,TW
ElectronicDeal4149,ElectronicDeal4149,TW
Plastic-Ferret7920,Plastic-Ferret7920,TW
SinPro_F,SinPro_F,TW
pawelkwasnik,pawelkwasnik,TW
DEEP_SEA_MAX,DEEP_SEA_MAX,TW
Rland96,Rland96,TW
Shot_Health_8220,Shot_Health_8220,TW
temujin556,temujin556,TW
masa_san69,masa_san69,TW
DefiantAnteater8964,DefiantAnteater8964,TW
figseeds,figseeds,TW
huith,huith,TW
JBlitzen,JBlitzen,TW
Meimehmeh,Meimehmeh,TW
StormOfFatRichards,StormOfFatRichards,TW
yperfysikos,yperfysikos,TW
MLG_Ethereum,MLG_Ethereum,TW
markieton,markieton,TW
noobyeclipse,noobyeclipse,TW
Ok-Inside5903,Ok-Inside5903,TW
eatfinders,eatfinders,TW
DimmerMeerkat,DimmerMeerkat,TW
sapiosexualnotreal,sapiosexualnotreal,TW
Duck_999,Duck_999,TW
cestlagie,cestlagie,TW
Embarrassed_Bite_754,Embarrassed_Bite_754,TW
Historical_Video_362,Historical_Video_362,TW
ed21x,ed21x,TW
Few-Variety2842,Few-Variety2842,TW
deltabay17,deltabay17,TW
DrNSQTR,DrNSQTR,TW
SkywalkerTC,SkywalkerTC,TW
Remarkable_Walk599,Remarkable_Walk599,TW
Dazzling-Rub-8550,Dazzling-Rub-8550,TW
Sharksatbay1,Sharksatbay1,TW
NoMoreEvilHippies,NoMoreEvilHippies,TW
GayestPlant,GayestPlant,TW
rhevern,rhevern,TW
hannorx,hannorx,TW
Hesirutu,Hesirutu,TW
Stk4nams5,Stk4nams5,TW
trucorsair,trucorsair,TW
Smikkolll,Smikkolll,TW
peachfrog99,peachfrog99,TW
ImSoFuckingTired2,ImSoFuckingTired2,TW
IslandNation27,IslandNation27,TW
OkVegetable7649,OkVegetable7649,TW
Medium_Bee_4521,Medium_Bee_4521,TW
bluetyrbluetyr,bluetyrbluetyr,TW
aPersonWhoHasViolins,aPersonWhoHasViolins,TW
arc88,arc88,TW
joan868,joan868,TW
phy8125,phy8125,TW
New-Distribution637,New-Distribution637,TW
Albort,Albort,TW
echoesechoing,echoesechoing,TW
No-Programmer-9434,No-Programmer-9434,TW
mackdaddy667,mackdaddy667,TW
dream208,dream208,TW
Square_Bicycle_7074,Square_Bicycle_7074,TW
Interesting_Reach_29,Interesting_Reach_29,TW
jkblvins,jkblvins,TW
poclee,poclee,TW
gl7676,gl7676,TW
nuclearmeltdown2015,nuclearmeltdown2015,TW
kevin074,kevin074,TW
langswitcherupper,langswitcherupper,TW
C3PU,C3PU,TW
Tyrog_,Tyrog_,TW
Objective_Suspect_,Objective_Suspect_,TW
FiftyNereids,FiftyNereids,TW
DeepestWinterBlue,DeepestWinterBlue,TW
jap9345,jap9345,TW
Impressive_Map_4977,Impressive_Map_4977,TW
Aware_Acorn,Aware_Acorn,TW
MisterDonutTW,MisterDonutTW,TW
cheguevara9,cheguevara9,TW
orcazilla,orcazilla,TW
TomFichtnerLeipzig,TomFichtnerLeipzig,TW
yuchunmuchun,yuchunmuchun,TW
prezlol,prezlol,TW
prismstein,prismstein,TW
UndocumentedSailor,UndocumentedSailor,TW
PithyGinger63,PithyGinger63,TW
qqueenbwithu,qqueenbwithu,TW
Alluo,Alluo,TW
Ladymysterie,Ladymysterie,TW
Few_Copy898,Few_Copy898,TW
InsipiredAllure,InsipiredAllure,TW
Competitive_Yoghurt,Competitive_Yoghurt,TW
No-Spring-4078,No-Spring-4078,TW
ButteredPizza69420,ButteredPizza69420,TW
SeisoDrink,SeisoDrink,TW
sogladatwork,sogladatwork,TW
NYCBirdy,NYCBirdy,TW
supa_kappa,supa_kappa,TW
thecuriouskilt,thecuriouskilt,TW
Intelligent_Image_78,Intelligent_Image_78,TW
bigtakeoff,bigtakeoff,TW
Savi--,Savi--,TW
dilution,dilution,TW
littlelove520,littlelove520,TW
PeenuttButler,PeenuttButler,TW
No-Technician578,No-Technician578,TW
Amaz1ngEgg,Amaz1ngEgg,TW
lazytryhard101,lazytryhard101,TW
Lyterick,Lyterick,TW
ZaiLaiYiGe,ZaiLaiYiGe,TW
Entire_Row4976,Entire_Row4976,TW
lizzisit,lizzisit,TW
notaphony1,notaphony1,TW
MajorasMasque334,MajorasMasque334,TW
CrimsonCub2013,CrimsonCub2013,TW
oles0012,oles0012,TW
pompousfire,pompousfire,TW
popstarkirbys,popstarkirbys,TW
webdesignerdeveloper,webdesignerdeveloper,TW
trantaran,trantaran,TW
Kindest-Armadillo,Kindest-Armadillo,TW
Marckoz,Marckoz,TW
thewizardofbras,thewizardofbras,TW
CodyDaBuffandGayLuu,CodyDaBuffandGayLuu,TW
indesit2991,indesit2991,TW
KukumberSalad,KukumberSalad,TW
numb_feeling,numb_feeling,TW
onigiritheory,onigiritheory,TW
Laser-circus,Laser-circus,TW
NefariousnessFun3026,NefariousnessFun3026,TW
garychen2048,garychen2048,TW
ThinkingIs2Hard,ThinkingIs2Hard,TW
Strict-Situation-809,Strict-Situation-809,TW
wookiepocalypse,wookiepocalypse,TW
cdube85,cdube85,TW
SteadfastEnd,SteadfastEnd,TW
OhUknowUknowIt,OhUknowUknowIt,TW
airakushodo,airakushodo,TW
Its_not_yoshi,Its_not_yoshi,TW
AberRosario,AberRosario,TW
StrayDogPhotography,StrayDogPhotography,TW
zvekl,zvekl,TW
ring-a-ding-dillo,ring-a-ding-dillo,TW
4shLite,4shLite,TW
DarkyHelmety,DarkyHelmety,TW
NxPat,NxPat,TW
FergaliShawarma,FergaliShawarma,TW
Acegonia,Acegonia,TW
JerrySam6509,JerrySam6509,TW
Numanihamaru,Numanihamaru,TW
szu,szu,TW
empatronic,empatronic,TW
makeshiftforklift,makeshiftforklift,TW
RagingDachshund,RagingDachshund,TW
MiniMoonPie,MiniMoonPie,TW
abroadandclogged,abroadandclogged,TW
algonautron,algonautron,TW
Other-Fish4744,Other-Fish4744,TW
Deep-Room6932,Deep-Room6932,TW
LeastInsaneBronyaFan,LeastInsaneBronyaFan,TW
txQuartz,txQuartz,TW
InevitableCry5883,InevitableCry5883,TW
daj0412,daj0412,TW
Hilarious_Disastrous,Hilarious_Disastrous,TW
Potential-Risk3416,Potential-Risk3416,TW
gwilymjames,gwilymjames,TW
Roygbiv0415,Roygbiv0415,TW
Taco_hunter76545,Taco_hunter76545,TW
Chicoutimi,Chicoutimi,TW
SluggoRuns,SluggoRuns,TW
triple_rayquaza,triple_rayquaza,TW
Archelector,Archelector,TW
bahbahblaksheep,bahbahblaksheep,TW
jerkysans,jerkysans,TW
efficientkiwi75,efficientkiwi75,TW
Fit-Guava-3743,Fit-Guava-3743,TW
BurningEternalFlame,BurningEternalFlame,TW
0xC001FACE,0xC001FACE,TW
Numetshell,Numetshell,TW
PitifulBusiness767,PitifulBusiness767,TW
Good-Bid-7325,Good-Bid-7325,TW
phantomtwitterthread,phantomtwitterthread,TW
BrodysBootlegs,BrodysBootlegs,TW
kitebum,kitebum,TW
winSharp93,winSharp93,TW
mt51,mt51,TW
Maybe99530,Maybe99530,TW
chrisdavis103,chrisdavis103,TW
WangtaWang,WangtaWang,TW
Bunation,Bunation,TW
OkBackground8809,OkBackground8809,TW
HorzodCeales,HorzodCeales,TW
YuriYurei,YuriYurei,TW
_mangofloat,_mangofloat,TW
Malk25,Malk25,TW
sbayz92,sbayz92,TW
puppymaster123,puppymaster123,TW
hong427,hong427,TW
MudAccurate9722,MudAccurate9722,TW
DependentIntrepid124,DependentIntrepid124,TW
themrmu,themrmu,TW
ottomontagne,ottomontagne,TW
theg604,theg604,TW
Professional_Area239,Professional_Area239,TW
IEatDragonSouls,IEatDragonSouls,TW
kaisong,kaisong,TW
Roam_Hylia,Roam_Hylia,TW
a_wissenschaftler,a_wissenschaftler,TW
somethingfat,somethingfat,TW
Xtra2022,Xtra2022,TW
submarino,submarino,TW
Dry-Attitude3250,Dry-Attitude3250,TW
GeneralSeppuku,GeneralSeppuku,TW
EffectiveSociety6626,EffectiveSociety6626,TW
unpocoloco1292,unpocoloco1292,TW
magkruppe,magkruppe,TW
plushie-apocalypse,plushie-apocalypse,TW
bad-at-science,bad-at-science,TW
whitel5177,whitel5177,TW
CanInTW,CanInTW,TW
Vast_Cricket,Vast_Cricket,TW
imironman2018,imironman2018,TW
x-teena,x-teena,TW
choseusernamemyself,choseusernamemyself,TW
BurnBabyBurrrn,BurnBabyBurrrn,TW
corneafudge,corneafudge,TW
Odd-Ad9625,Odd-Ad9625,TW
Mahadragon,Mahadragon,TW
Fluffy_nom,Fluffy_nom,TW
MakeTaiwanGreatAgain,MakeTaiwanGreatAgain,TW
deepkoozer,deepkoozer,TW
eden1988,eden1988,TW
Biggie8000,Biggie8000,TW
Misericorde428,Misericorde428,TW
vitaminbeyourself,vitaminbeyourself,TW
jskinator,jskinator,TW
deoxys27,deoxys27,TW
zhima1069,zhima1069,TW
shshxo,shshxo,TW
DerwormJWG,DerwormJWG,TW
The_King_of_TP,The_King_of_TP,TW
Mr_VRBeerscuit,Mr_VRBeerscuit,TW
jaqr,jaqr,TW
Hopey-1-kinobi,Hopey-1-kinobi,TW
1missingsock,1missingsock,TW
hir0chen,hir0chen,TW
fpv24,fpv24,TW
bristolfarms,bristolfarms,TW
rtst1316,rtst1316,TW
ANIMATRONICZSKELETON,ANIMATRONICZSKELETON,TW
Annprotaiwan,Annprotaiwan,TW
Safe_Message2268,Safe_Message2268,TW
ferret_80,ferret_80,TW
New_Physics_2741,New_Physics_2741,TW
_IsNull,_IsNull,TW
icanchangeittomorrow,icanchangeittomorrow,TW
amazingyen,amazingyen,TW
linh0825,linh0825,TW
Real_Sir_3655,Real_Sir_3655,TW
SteeveJoobs,SteeveJoobs,TW
frozen-sky,frozen-sky,TW
Nanasema,Nanasema,TW
Mind_Altered,Mind_Altered,TW
ImplausibleDarkitude,ImplausibleDarkitude,TW
x-raspberry,x-raspberry,TW
nopalitzin,nopalitzin,TW
SoneJason,SoneJason,TW
MLTCAVEMAN,MLTCAVEMAN,TW
entropyhaus,entropyhaus,TW
Mundane_Agency9694,Mundane_Agency9694,TW
maerwald,maerwald,TW
districtcurrent,districtcurrent,TW
Feelsliketeenspirit,Feelsliketeenspirit,TW
Enough_Addition684,Enough_Addition684,TW
Mrtvejmozek,Mrtvejmozek,TW
blackdavy,blackdavy,TW
OkSafe2679,OkSafe2679,TW
Responsible_Gur_5159,Responsible_Gur_5159,TW
lasandina,lasandina,TW
Pitiful-Internal-196,Pitiful-Internal-196,TW
propagandashand,propagandashand,TW
AnonymousTeacher668,AnonymousTeacher668,TW
YippeeTortellini,YippeeTortellini,TW
Brido-20,Brido-20,TW
starnix17,starnix17,TW
Flashy-Ebb-2492,Flashy-Ebb-2492,TW
Additional_Display14,Additional_Display14,TW
JetFuel12,JetFuel12,TW
pugwall7,pugwall7,TW
Bubbly_Weather_6,Bubbly_Weather_6,TW
Leading_Concept_7997,Leading_Concept_7997,TW
jaredj92,jaredj92,TW
Appropriate_Name_371,Appropriate_Name_371,TW
caffcaff_,caffcaff_,TW
arcinarci,arcinarci,TW
teddy_boy_gamma,teddy_boy_gamma,TW
Entire-Cable5189,Entire-Cable5189,TW
Repulsive_Tax7955,Repulsive_Tax7955,TW
yoghurt,yoghurt,TW
Canis9z,Canis9z,TW
Ryanjelly,Ryanjelly,TW
Good_Prompt8608,Good_Prompt8608,TW
Deep-Ebb-4139,Deep-Ebb-4139,TW
NoPackage,NoPackage,TW
8_aj,8_aj,TW
DoNotFeedTheSnakes,DoNotFeedTheSnakes,TW
NoClassic174,NoClassic174,TW
Visionioso,Visionioso,TW
Suitable-Platypus-10,Suitable-Platypus-10,TW
thecrazyrichasian,thecrazyrichasian,TW
A_lex_and_er,A_lex_and_er,TW
Lemurjeopice,Lemurjeopice,TW
OutrageousArcher4367,OutrageousArcher4367,TW
KennyWuKanYuen,KennyWuKanYuen,TW
seeay_lico1314,seeay_lico1314,TW
-born_smoll,-born_smoll,TW
Elegant-Picture2704,Elegant-Picture2704,TW
dicrydin,dicrydin,TW
Proper_Assignment8,Proper_Assignment8,TW
f1122660,f1122660,TW
stupidusernamefield,stupidusernamefield,TW
VisibleLoss9590,VisibleLoss9590,TW
Informal-Ad-1814,Informal-Ad-1814,TW
ferdi_nand_k,ferdi_nand_k,TW
imagoofyguy,imagoofyguy,TW
buurhista,buurhista,TW
debdot,debdot,TW
ariacode,ariacode,TW
lkdasdsaknasdn,lkdasdsaknasdn,TW
Final_Company5973,Final_Company5973,TW
emilienj,emilienj,TW
leafbreath,leafbreath,TW
dannyr76,dannyr76,TW
Standard-Rabbit9530,Standard-Rabbit9530,TW
DiscountSalt,DiscountSalt,TW
BakaFuckaYaro,BakaFuckaYaro,TW
twinle_chu2846,twinle_chu2846,TW
maowjin,maowjin,TW
wuyadang,wuyadang,TW
tsudsa,tsudsa,TW
wellnoyesmaybe,wellnoyesmaybe,TW
pittyspray,pittyspray,TW
jason_a69,jason_a69,TW
dan-free,dan-free,TW
CynicalSage-,CynicalSage-,TW
britepearl,britepearl,TW
Flashy-Resort3131,Flashy-Resort3131,TW
gregg1981,gregg1981,TW
GERRROONNNNIIMMOOOO,GERRROONNNNIIMMOOOO,TW
kuromiloverr,kuromiloverr,TW
Educational-Cap-8760,Educational-Cap-8760,TW
JmeplaysVR,JmeplaysVR,TW
Icy_Theme_3091,Icy_Theme_3091,TW
Choose_joy42,Choose_joy42,TW
Affectionate_Cap7499,Affectionate_Cap7499,TW
Familiar-Place68,Familiar-Place68,TW
CrimsonTightwad,CrimsonTightwad,TW
_spangz_,_spangz_,TW
Familiar-South3810,Familiar-South3810,TW
Nekoshido,Nekoshido,TW
IntelligentCattle463,IntelligentCattle463,TW
hlfmryrunnr,hlfmryrunnr,TW
depot5,depot5,TW
Bestintor,Bestintor,TW
JaJaCCY,JaJaCCY,TW
Ok-Calm-Narwhal,Ok-Calm-Narwhal,TW
dbomb650,dbomb650,TW
Specialist_Damage_96,Specialist_Damage_96,TW
Theooutthedore,Theooutthedore,TW
98pamu,98pamu,TW
Alarmed-Carpenter647,Alarmed-Carpenter647,TW
Sinusaur,Sinusaur,TW
nona_ssv,nona_ssv,TW
Outside-Site4601,Outside-Site4601,TW
Jmadden64,Jmadden64,TW
wifesbimasze22,wifesbimasze22,TW
kaje10110,kaje10110,TW
EngineeringComputer,EngineeringComputer,TW
Thedeadguy101,Thedeadguy101,TW
WhalePlaying,WhalePlaying,TW
Volodimica,Volodimica,TW
cddotdotslash,cddotdotslash,TW
Hilltoptree,Hilltoptree,TW
WeightPurple4515,WeightPurple4515,TW
Derplight,Derplight,TW
Dream_flakes,Dream_flakes,TW
claimui,claimui,TW
Guilty_Pair517,Guilty_Pair517,TW
Brave_Ad163,Brave_Ad163,TW
honeyoatmatchalatte,honeyoatmatchalatte,TW
tendernesses,tendernesses,TW
exposedfacto,exposedfacto,TW
GaoLiCai,GaoLiCai,TW
nazrinz3,nazrinz3,TW
Cyrus_rule,Cyrus_rule,TW
dannown,dannown,TW
Wheels2fun,Wheels2fun,TW
LumenAstralis,LumenAstralis,TW
lilv2025,lilv2025,TW
Unique-Pastenger,Unique-Pastenger,TW
practicalunicorn,practicalunicorn,TW
esotericwaffle,esotericwaffle,TW
Aggro_Hamham,Aggro_Hamham,TW
redditorialy_retard,redditorialy_retard,TW
SilverAffectionate95,SilverAffectionate95,TW
excel1001,excel1001,TW
Haaydon_Dazs,Haaydon_Dazs,TW
Elijah-Emmanuel,Elijah-Emmanuel,TW
eghhhh_1004,eghhhh_1004,TW
pinelien,pinelien,TW
widw9,widw9,TW
op3l,op3l,TW
IShouldGetaPhD,IShouldGetaPhD,TW
Taiwandiyiming,Taiwandiyiming,TW
reznotone,reznotone,TW
NoBirthday2925,NoBirthday2925,TW
nyc-to-tpe-2022,nyc-to-tpe-2022,TW
idontwantyourmusic,idontwantyourmusic,TW
InternationalAir6424,InternationalAir6424,TW
Appropriate_Mango110,Appropriate_Mango110,TW
le_bravery,le_bravery,TW
stimpp,stimpp,TW
hungariannastyboy,hungariannastyboy,TW
Acrobatic-State-78,Acrobatic-State-78,TW
Dependent-Name-686,Dependent-Name-686,TW
grumblepup,grumblepup,TW
Yoongi_SB_Shop,Yoongi_SB_Shop,TW
pure_joy_7,pure_joy_7,TW
Stream_3,Stream_3,TW
timwei0627,timwei0627,TW
casadeparadise,casadeparadise,TW
Unite-People,Unite-People,TW
Riversus,Riversus,TW
Dropshipflip,Dropshipflip,TW
eatingfoodboy,eatingfoodboy,TW
Own-Hyena-551,Own-Hyena-551,TW
ajtyeh,ajtyeh,TW
willyrat,willyrat,TW
Spiritual_Duck_6703,Spiritual_Duck_6703,TW
Murky_Department5778,Murky_Department5778,TW
uwu2420,uwu2420,TW
Future_Fisherman_909,Future_Fisherman_909,TW
IndieKidNotConvert,IndieKidNotConvert,TW
sampullman,sampullman,TW
antberg,antberg,TW
Frosty-Key-454,Frosty-Key-454,TW
coela-CAN,coela-CAN,TW
Skurnaboo,Skurnaboo,TW
erectronics,erectronics,TW
TKCoog075,TKCoog075,TW
Alastor_Crowley69,Alastor_Crowley69,TW
princessofpotatoes,princessofpotatoes,TW
Chap_C,Chap_C,TW
Flail_wildly,Flail_wildly,TW
mayasoo2020,mayasoo2020,TW
michaelshun,michaelshun,TW
gam3r2k2,gam3r2k2,TW
Minute_Community_552,Minute_Community_552,TW
korkov01,korkov01,TW
atheryl,atheryl,TW
Forkuimurgod,Forkuimurgod,TW
hsiaoz,hsiaoz,TW
ricenoodlestw,ricenoodlestw,TW
Minimum_Concern467,Minimum_Concern467,TW
Throwaway420_69____,Throwaway420_69____,TW
17_character_limit,17_character_limit,TW
Impossible_Rub_6812,Impossible_Rub_6812,TW
SuperS37,SuperS37,TW
Rheddit45,Rheddit45,TW
BrintyOfRivia,BrintyOfRivia,TW
imaginaryResources,imaginaryResources,TW
justanothersideacc,justanothersideacc,TW
whitepalladin,whitepalladin,TW
General-Audience6628,General-Audience6628,TW
Sure-Diver-1229,Sure-Diver-1229,TW
SunburntWombat,SunburntWombat,TW
covidcode69,covidcode69,TW
08-West,08-West,TW
Lancig,Lancig,TW
HirokoKueh,HirokoKueh,TW
Clowner84,Clowner84,TW
LookAny5733,LookAny5733,TW
KONGBB,KONGBB,TW
idmook,idmook,TW
SockpuppetsDetector,SockpuppetsDetector,TW
LivingInsurance1770,LivingInsurance1770,TW
panzerhabibi,panzerhabibi,TW
Iron_bison_,Iron_bison_,TW
Eclipsed830,Eclipsed830,TW
Excellent-Setting-77,Excellent-Setting-77,TW
Bostik,Bostik,TW
eliwood98,eliwood98,TW
Creatineeugene,Creatineeugene,TW
kittykat4126,kittykat4126,TW
MorningHerald,MorningHerald,TW
eightnine,eightnine,TW
Mal-De-Terre,Mal-De-Terre,TW
wicky448,wicky448,TW
PainSpa,PainSpa,TW
haikoup,haikoup,TW
Sure_Mountain_5426,Sure_Mountain_5426,TW
Either-Fan-1135,Either-Fan-1135,TW
justatemybrunch,justatemybrunch,TW
rtmn01,rtmn01,TW
SteveYunnan,SteveYunnan,TW
Kooky-Bumblebee8312,Kooky-Bumblebee8312,TW
tapxilog,tapxilog,TW
_GD5_,_GD5_,TW
inthemoodforlurking,inthemoodforlurking,TW
Feelgood11jw,Feelgood11jw,TW
pedro0930,pedro0930,TW
whatsshecalled_,whatsshecalled_,TW
Fearless_Weather_206,Fearless_Weather_206,TW
Mad_Prog_1,Mad_Prog_1,TW
TimesThreeTheHighest,TimesThreeTheHighest,TW
smithy_jim,smithy_jim,TW
jazzjageera,jazzjageera,TW
Either-Condition4586,Either-Condition4586,TW
Previous_Republic_69,Previous_Republic_69,TW
panchotom,panchotom,TW
yomamasofat-,yomamasofat-,TW
AppointmentOpen9093,AppointmentOpen9093,TW
DeathcureKat,DeathcureKat,TW
Capt_Picard1,Capt_Picard1,TW
Unusual_Afternoon696,Unusual_Afternoon696,TW
Narnia25,Narnia25,TW
ps3isawesome,ps3isawesome,TW
lukeintaiwan,lukeintaiwan,TW
splendour332,splendour332,TW
General_Career6286,General_Career6286,TW
Anteroma,Anteroma,TW
Mossykong,Mossykong,TW
CharmingSail5126,CharmingSail5126,TW
DarDarPotato,DarDarPotato,TW
Bruh_In_A_Spa,Bruh_In_A_Spa,TW
Parking-Ad4263,Parking-Ad4263,TW
Burns504,Burns504,TW
AbbreviationsNew1191,AbbreviationsNew1191,TW
steveylin,steveylin,TW
KStang086,KStang086,TW
komali_2,komali_2,TW
buckwurst,buckwurst,TW
Iheartwetwater,Iheartwetwater,TW
49RandomThought,49RandomThought,TW
ILikeXiaolongbao,ILikeXiaolongbao,TW
Blueclef,Blueclef,TW
Professional-Name407,Professional-Name407,TW
Bad_Karma_CM,Bad_Karma_CM,TW
Majiji45,Majiji45,TW
superlaica,superlaica,TW
Unusual-Tourist2293,Unusual-Tourist2293,TW
kcn725,kcn725,TW
Breadfruit_Sharp,Breadfruit_Sharp,TW
Lawlolawl01,Lawlolawl01,TW
__gc,__gc,TW
Current-Ocelot-5181,Current-Ocelot-5181,TW
GoodGoodGoodJob,GoodGoodGoodJob,TW
Suspicious-Team-6774,Suspicious-Team-6774,TW
timothytorrents,timothytorrents,TW
random_agency,random_agency,TW
angelbean23,angelbean23,TW
July-Thirty-First,July-Thirty-First,TW
blackcyborg009,blackcyborg009,TW
666Gorillaz,666Gorillaz,TW
jackrusselenergy,jackrusselenergy,TW
htyspghtz,htyspghtz,TW
justavg1,justavg1,TW
plantgrandmom,plantgrandmom,TW
betrayal87,betrayal87,TW
epny,epny,TW
izzyk000,izzyk000,TW
Denthegod,Denthegod,TW
ylatrain,ylatrain,TW
leeleetaichou,leeleetaichou,TW
prys1984,prys1984,TW
Thin_Marionberry_756,Thin_Marionberry_756,TW
poonman1234,poonman1234,TW
DaiXiYa,DaiXiYa,TW
CosmicBoat,CosmicBoat,TW
illusionmist,illusionmist,TW
lucywithsomethc,lucywithsomethc,TW
yy43,yy43,TW
basura_can,basura_can,TW
Salt-Night3088,Salt-Night3088,TW
ipromiseillbegd,ipromiseillbegd,TW
DetailAggravating789,DetailAggravating789,TW
aray4k,aray4k,TW
PupleAmethyst,PupleAmethyst,TW
Nirulou0,Nirulou0,TW
gannema,gannema,TW
vinean,vinean,TW
heynics,heynics,TW
drostan,drostan,TW
Additional_Dinner_11,Additional_Dinner_11,TW
old_dqipb,old_dqipb,TW
afxz,afxz,TW
Background_Gear_5261,Background_Gear_5261,TW
Global-Mix-3358,Global-Mix-3358,TW
HenzaChan,HenzaChan,TW
travelingpinguis,travelingpinguis,TW
waychanger,waychanger,TW
Puzzleheaded_Popup,Puzzleheaded_Popup,TW
Rahxtli,Rahxtli,TW
WaterWithin,WaterWithin,TW
AKTEleven,AKTEleven,TW
Happy-Lifeguard-8080,Happy-Lifeguard-8080,TW
Odd_Mango_8061,Odd_Mango_8061,TW
Prestigious_Tax7415,Prestigious_Tax7415,TW
onwee,onwee,TW
Agreeable_Youth8099,Agreeable_Youth8099,TW
Iouboutin,Iouboutin,TW
Sunsetenchant,Sunsetenchant,TW
SpringLiving2623,SpringLiving2623,TW
rapswoosh_pax,rapswoosh_pax,TW
expericmental,expericmental,TW
Nearby-Ad-3609,Nearby-Ad-3609,TW
allen9667,allen9667,TW
bawss,bawss,TW
Fun-Page-6211,Fun-Page-6211,TW
EquivalentSelf,EquivalentSelf,TW
luisa_z,luisa_z,TW
how_could_this_be,how_could_this_be,TW
Different-Banana-739,Different-Banana-739,TW
Huang_,Huang_,TW
Soft-Cry-9752,Soft-Cry-9752,TW
Onlytram,Onlytram,TW
annimated71,annimated71,TW
Gromy_1022,Gromy_1022,TW
hdkvfun,hdkvfun,TW
Hsuuan,Hsuuan,TW
voidscreamer1,voidscreamer1,TW
alwaysonautopilot,alwaysonautopilot,TW
mobilereader,mobilereader,TW
LargelyMinor,LargelyMinor,TW
pandagong,pandagong,TW
More-Historian4372,More-Historian4372,TW
lturtsamuel,lturtsamuel,TW
Rain-Plastic,Rain-Plastic,TW
Such-Tank-6897,Such-Tank-6897,TW
hogu134,hogu134,TW
alphonse2501,alphonse2501,TW
Rejoycing65,Rejoycing65,TW
Mindless_Freedom2026,Mindless_Freedom2026,TW
aalluubbaa,aalluubbaa,TW
insecteblond,insecteblond,TW
NotFunnyGamer,NotFunnyGamer,TW
drakon_us,drakon_us,TW
xmicax11,xmicax11,TW
CCP_Shill_69,CCP_Shill_69,TW
AmbivalentheAmbivert,AmbivalentheAmbivert,TW
treskro,treskro,TW
blankarage,blankarage,TW
lolachild_,lolachild_,TW
Pixel_Owl,Pixel_Owl,TW
Halunner-0815,Halunner-0815,TW
localguy69,localguy69,TW
milkdromradar,milkdromradar,TW
HuusSaOrh,HuusSaOrh,TW
1ymooseduck,1ymooseduck,TW
Royal_Sovereign2,Royal_Sovereign2,TW
citrusboi69,citrusboi69,TW
benNY80D,benNY80D,TW
fishing_meow,fishing_meow,TW
Verres2806,Verres2806,TW
onwiyuu,onwiyuu,TW
bighand1,bighand1,TW
brettmurf,brettmurf,TW
redditSucksNow2020,redditSucksNow2020,TW
HarryDeJaeger,HarryDeJaeger,TW
BoogieMan80s,BoogieMan80s,TW
Then-Mind-1103,Then-Mind-1103,TW
GeronimoSTN,GeronimoSTN,TW
paintedgourd,paintedgourd,TW
berejser,berejser,TW
timk920,timk920,TW
troopy712139,troopy712139,TW
ibn-almashriq,ibn-almashriq,TW
DraconPern,DraconPern,TW
greatestcookiethief,greatestcookiethief,TW
ThySaggy,ThySaggy,TW
Forsaken-Tea7818,Forsaken-Tea7818,TW
IndoorUseOk,IndoorUseOk,TW
pumpkinpiepoo,pumpkinpiepoo,TW
Amazing_Box_8032,Amazing_Box_8032,TW
Abeocutino1tg,Abeocutino1tg,TW
Hkmarkp,Hkmarkp,TW
AdventurousExtent358,AdventurousExtent358,TW
Extension_Stick_5476,Extension_Stick_5476,TW
lorens210,lorens210,TW
BladerKenny333,BladerKenny333,TW
secreag,secreag,TW
Quinx1755,Quinx1755,TW
pocket_froot,pocket_froot,TW
verycoolstorybro,verycoolstorybro,TW
WakasaYuuri,WakasaYuuri,TW
RaisinNo7881,RaisinNo7881,TW
hiimsubclavian,hiimsubclavian,TW
tastypizza22,tastypizza22,TW
jyammies,jyammies,TW
himit,himit,TW
Alarming-Ad-6105,Alarming-Ad-6105,TW
Calm-Agency-2793,Calm-Agency-2793,TW
LineDazzling58,LineDazzling58,TW
hellad0pe,hellad0pe,TW
jobrody,jobrody,TW
tannicity,tannicity,TW
RevenueOutrageous431,RevenueOutrageous431,TW
sickofthisshit,sickofthisshit,TW
BigWuShocka,BigWuShocka,TW
Background_Stick6687,Background_Stick6687,TW
Content-Panda-3841,Content-Panda-3841,TW
RollForThings,RollForThings,TW
HsuRon,HsuRon,TW
optimumpressure,optimumpressure,TW
Illonva,Illonva,TW
redtiber,redtiber,TW
ReallyRealityBites,ReallyRealityBites,TW
bSeRk01,bSeRk01,TW
Dandan217,Dandan217,TW
Confu_Who,Confu_Who,TW
Dark_Angel14,Dark_Angel14,TW
HobieSailor,HobieSailor,TW
SouthFinancial3758,SouthFinancial3758,TW
yaomon17,yaomon17,TW
kiasu369,kiasu369,TW
Silly_Draw5561,Silly_Draw5561,TW
halstump,halstump,TW
DatAsuna,DatAsuna,TW
Fuzzy_Equipment3215,Fuzzy_Equipment3215,TW
A_Radish_24,A_Radish_24,TW
V8-Turbo-Hybrid,V8-Turbo-Hybrid,TW
watchder69,watchder69,TW
tristan-chord,tristan-chord,TW
FratSpaipleaseignor,FratSpaipleaseignor,TW
Visual-Honey-5972,Visual-Honey-5972,TW
PaulAnthonyDoucet,PaulAnthonyDoucet,TW
Valuable-Half1774,Valuable-Half1774,TW
mdc2135,mdc2135,TW
illisidan,illisidan,TW
Ok_Giraffe_1048,Ok_Giraffe_1048,TW
bessonguy,bessonguy,TW
Solid-Wasabi6384,Solid-Wasabi6384,TW
IceColdFresh,IceColdFresh,TW
Timely_Event_2867,Timely_Event_2867,TW
Tofuandegg,Tofuandegg,TW
2brightside,2brightside,TW
cpkwtf,cpkwtf,TW
Vicky_f_y_,Vicky_f_y_,TW
circleback,circleback,TW
Daddymanmeister,Daddymanmeister,TW
LiveEntertainment567,LiveEntertainment567,TW
Kumamoto,Kumamoto,TW
marcodavidg,marcodavidg,TW
elmarcelito,elmarcelito,TW
Taipei_streetroaming,Taipei_streetroaming,TW
AshtothaK,AshtothaK,TW
Mera869,Mera869,TW
louislin14,louislin14,TW
froggy_venti,froggy_venti,TW
thorin8,thorin8,TW
bluetyrblue,bluetyrblue,TW
tchaikmqrk,tchaikmqrk,TW
Yale_Group,Yale_Group,TW
Redditbaitor,Redditbaitor,TW
Puzzleheaded-Aide-77,Puzzleheaded-Aide-77,TW
josephljl,josephljl,TW
AutoModerator,AutoModerator,TW
1_for_you_2_for_me,1_for_you_2_for_me,TW
Thin_Ad_2456,Thin_Ad_2456,TW
Purple-Travel-4869,Purple-Travel-4869,TW
charliesk9unit,charliesk9unit,TW
tiisgutomiponsalapi,tiisgutomiponsalapi,TW
phkauf,phkauf,TW
gsrcrxsi,gsrcrxsi,TW
throwpoo,throwpoo,TW
dream_of_the_night,dream_of_the_night,TW
Conscious_Durian_159,Conscious_Durian_159,TW
Xiaobeana,Xiaobeana,TW
MuzanSama69,MuzanSama69,TW
jimmyjackearl,jimmyjackearl,TW
ampwyo,ampwyo,TW
jackhughs,jackhughs,TW
sh1a0m1nb,sh1a0m1nb,TW
noogaibb,noogaibb,TW
ek9cusco,ek9cusco,TW
Juno480,Juno480,TW
necromancyforfun,necromancyforfun,TW
polarshred,polarshred,TW
glaceyy65,glaceyy65,TW
KokoaKuroba,KokoaKuroba,TW
Valuable_Machine_420,Valuable_Machine_420,TW
nick-daddy,nick-daddy,TW
Rockefeller_street,Rockefeller_street,TW
InteractionRoyal7635,InteractionRoyal7635,TW
ThePipton,ThePipton,TW
Shigurepoi,Shigurepoi,TW
eventuallyfluent,eventuallyfluent,TW
BrokilonDryad,BrokilonDryad,TW
hyrate,hyrate,TW
helpbennyboingo,helpbennyboingo,TW
Accomplished_Ad6571,Accomplished_Ad6571,TW
EmployerMaster7207,EmployerMaster7207,TW
calcium,calcium,TW
crypto_chan,crypto_chan,TW
NizzySP,NizzySP,TW
taiwan-ModTeam,taiwan-ModTeam,TW
Chtholly_Lee02,Chtholly_Lee02,TW
ILoveWuLongTea,ILoveWuLongTea,TW
BubbhaJebus,BubbhaJebus,TW
Monkeyfeng,Monkeyfeng,TW
cptsunnymuffin,cptsunnymuffin,TW
ant1010,ant1010,TW
keemsmom48,keemsmom48,TW
double-k,double-k,TW
bartender_please808,bartender_please808,TW
Ancient_Lettuce6821,Ancient_Lettuce6821,TW
Notbythehairofmychyn,Notbythehairofmychyn,TW
Upper_Disk_8452,Upper_Disk_8452,TW
cluck_chickenbutt,cluck_chickenbutt,TW
cxxper01,cxxper01,TW
hank1224,hank1224,TW
silverdesires89,silverdesires89,TW
lumka1,lumka1,TW
TypicalAlternative41,TypicalAlternative41,TW
MadDog507,MadDog507,TW
ContactHelpful8901,ContactHelpful8901,TW
roller3d,roller3d,TW
CrazyinFrance,CrazyinFrance,TW
EEexplorer,EEexplorer,TW
HK-ROC,HK-ROC,TW
figmentthekittycat,figmentthekittycat,TW
Aromatic_Cycle_1532,Aromatic_Cycle_1532,TW
EconomyFreedom4081,EconomyFreedom4081,TW
ProbablyShouldntve,ProbablyShouldntve,TW
kneyght,kneyght,TW
ushneb,ushneb,TW
ryanko4,ryanko4,TW
23lifes,23lifes,TW
High-Steak,High-Steak,TW
HazzZor,HazzZor,TW
AiiGu-1228,AiiGu-1228,TW
IrBillionsOfBananas,IrBillionsOfBananas,TW
NonoLebowsky,NonoLebowsky,TW
Few_Echidna4204,Few_Echidna4204,TW
EmmaJuned,EmmaJuned,TW
Gongfei1947,Gongfei1947,TW
Common-Cap-6960,Common-Cap-6960,TW
Jinrex-Jdm,Jinrex-Jdm,TW
lysfjord,lysfjord,TW
redavet,redavet,TW
whiskeyboi237,whiskeyboi237,TW
Potato2266,Potato2266,TW
Substantial-Prune704,Substantial-Prune704,TW
memorystays,memorystays,TW
CatimusPrime123,CatimusPrime123,TW
catchme32,catchme32,TW
SamCarterX206,SamCarterX206,TW
treelife365,treelife365,TW
Square-Top-4442,Square-Top-4442,TW
dtl72,dtl72,TW
badfish307,badfish307,TW
rextraverse,rextraverse,TW
katoh87,katoh87,TW
Hollo991,Hollo991,TW
Commercial-Park-66,Commercial-Park-66,TW
boredtaco69,boredtaco69,TW
mutually_awkward,mutually_awkward,TW
Angerhouse,Angerhouse,TW
richsreddit,richsreddit,TW
jump_rope_tron,jump_rope_tron,TW
thinking_velasquez,thinking_velasquez,TW
PaleontologistDue132,PaleontologistDue132,TW
chabacanito,chabacanito,TW
ZhenXiaoMing,ZhenXiaoMing,TW
Suiken01,Suiken01,TW
yogicrypto,yogicrypto,TW
qishenghong,qishenghong,TW
HisKoR,HisKoR,TW
doubtfuldumpling,doubtfuldumpling,TW
Aggressive_Strike75,Aggressive_Strike75,TW
jkeit08,jkeit08,TW
WatchMeFall10Stories,WatchMeFall10Stories,TW
milessmiles1,milessmiles1,TW
Anxious_Plum_5818,Anxious_Plum_5818,TW
iouthere,iouthere,TW
PhoGaDacBiet,PhoGaDacBiet,TW
Odd-Advance-4100,Odd-Advance-4100,TW
kitsunegoon,kitsunegoon,TW
Josgiliath,Josgiliath,TW
welmoe,welmoe,TW
kholrabi,kholrabi,TW
Emotional-Pear9251,Emotional-Pear9251,TW
Bruggok,Bruggok,TW
wumingzi,wumingzi,TW
ShrimpCrackers,ShrimpCrackers,TW
chikmunkRosie,chikmunkRosie,TW
SongFeisty8759,SongFeisty8759,TW
jayjayelix,jayjayelix,TW
Lazy_Fisherman_3000,Lazy_Fisherman_3000,TW
samos__,samos__,TW
Yungblood87,Yungblood87,TW
bigbearjr,bigbearjr,TW
HayasakaSan,HayasakaSan,TW
oliviafairy,oliviafairy,TW
c10bbersaurus,c10bbersaurus,TW
thatsTHEWei,thatsTHEWei,TW
GorgeousUnknown,GorgeousUnknown,TW
Ap_Sona_Bot,Ap_Sona_Bot,TW
Eres-Tarado,Eres-Tarado,TW
GM_Nate,GM_Nate,TW
Excellent-Gur-9847,Excellent-Gur-9847,TW
Away_Measurement_201,Away_Measurement_201,TW
MabutiNamanPo,MabutiNamanPo,TW
Aggravating_Video726,Aggravating_Video726,TW
bdw1968,bdw1968,TW
Unlucky_Vegetable576,Unlucky_Vegetable576,TW
jazz4,jazz4,TW
Patient_Duck123,Patient_Duck123,TW
weeniegigantor,weeniegigantor,TW
Utsider,Utsider,TW
Apost202,Apost202,TW
Aescgabaet1066,Aescgabaet1066,TW
GharlieConCarne,GharlieConCarne,TW
buplug,buplug,TW
captainporthos,captainporthos,TW
TheFallingStar,TheFallingStar,TW
Jay_hummingbirdcrew,Jay_hummingbirdcrew,TW
taiwanon1,taiwanon1,TW
JBerry_Mingjai,JBerry_Mingjai,TW
galinstan,galinstan,TW
SALSA456789,SALSA456789,TW
zeeparc,zeeparc,TW
alreadynaptime,alreadynaptime,TW
OkayImHereNow,OkayImHereNow,TW
mylittlebluetruck7,mylittlebluetruck7,TW
Turbulent_Lab5607,Turbulent_Lab5607,TW
neopolitanretry,neopolitanretry,TW
MalaysianinPerth,MalaysianinPerth,TW
projectmaximus,projectmaximus,TW
alextokisaki,alextokisaki,TW
EFDriver,EFDriver,TW
BadPlus,BadPlus,TW
AdHistorical6628,AdHistorical6628,TW
Nemothafish,Nemothafish,TW
Banananananaphonez,Banananananaphonez,TW
Contrarianambition,Contrarianambition,TW
TaiwanNiao,TaiwanNiao,TW
Icey210496,Icey210496,TW
Old-Welcome84,Old-Welcome84,TW
ChallahAtYahBoy,ChallahAtYahBoy,TW
snsv,snsv,TW
rlvysxby,rlvysxby,TW
wzmildf,wzmildf,TW
Weekly-Math,Weekly-Math,TW
Sebaddiee,Sebaddiee,TW
KTGR_lighter,KTGR_lighter,TW
Hibernatus50,Hibernatus50,TW
Woolpolecat,Woolpolecat,TW
Omnio_culus,Omnio_culus,TW
goldenboyferg,goldenboyferg,TW
Raggenn,Raggenn,TW
Tango-Down-167,Tango-Down-167,TW
WalkingDud,WalkingDud,TW
throwaway-71771,throwaway-71771,TW
patricktu1258,patricktu1258,TW
Ashbadashed,Ashbadashed,TW
riap0526,riap0526,TW
germ304,germ304,TW
shankaviel,shankaviel,TW
lukelinux,lukelinux,TW
FLGator314,FLGator314,TW
Xiaoka18,Xiaoka18,TW
Jazzlike_Addition_27,Jazzlike_Addition_27,TW
techcycle,techcycle,TW
redruggerDC,redruggerDC,TW
Kind-Membership3064,Kind-Membership3064,TW
BeverlyGodoy,BeverlyGodoy,TW
Zz7722,Zz7722,TW
travelw3ll,travelw3ll,TW
burtmedig,burtmedig,TW
droolykitty,droolykitty,TW
gilsoo71,gilsoo71,TW
Advaita5358,Advaita5358,TW
Piffp,Piffp,TW
m122523,m122523,TW
ApothecaryRx,ApothecaryRx,TW
Outside-Government74,Outside-Government74,TW
Virthuss,Virthuss,TW
mhikari92,mhikari92,TW
cleanhans1996,cleanhans1996,TW
YouthHumble4414,YouthHumble4414,TW
neodolatelna,neodolatelna,TW
Spare_Application_21,Spare_Application_21,TW
Ffrankosvt,Ffrankosvt,TW
zisos,zisos,TW
thewarrior112,thewarrior112,TW
cyanraider,cyanraider,TW
bobo-the-dodo,bobo-the-dodo,TW
littleanon42,littleanon42,TW
Objective_Bug3978,Objective_Bug3978,TW
BuzzMagnator2239,BuzzMagnator2239,TW
whackthat,whackthat,TW
hattannattah,hattannattah,TW
Bugimas,Bugimas,TW
TheBladeGhost,TheBladeGhost,TW
Big-Bee1172,Big-Bee1172,TW
OrangeChickenRice,OrangeChickenRice,TW
punkshoe,punkshoe,TW
kingping1211,kingping1211,TW
Senior_Battle9134,Senior_Battle9134,TW
Sad_Air_7667,Sad_Air_7667,TW
artificialimpatience,artificialimpatience,TW
frankchen1111,frankchen1111,TW
Protect__Democracy,Protect__Democracy,TW
MR_Nokia_L,MR_Nokia_L,TW
bazhangkc,bazhangkc,TW
taisui,taisui,TW
Bireta,Bireta,TW
throwaway960127,throwaway960127,TW
urtv,urtv,TW
Jotoku,Jotoku,TW
EquivalentInstance64,EquivalentInstance64,TW
Chestylaroo,Chestylaroo,TW
tolerable_fine,tolerable_fine,TW
MaxxGawd,MaxxGawd,TW
ObjectiveChest9311,ObjectiveChest9311,TW
Extra-Piglet-1552,Extra-Piglet-1552,TW
WHATyouNEVERplayedTU,WHATyouNEVERplayedTU,TW
Introvert4everxD,Introvert4everxD,TW
traiyadhvika,traiyadhvika,TW
gdcunt,gdcunt,TW
idkwhatid,idkwhatid,TW
surfoto,surfoto,TW
OngLyeUnderTheSea,OngLyeUnderTheSea,TW
yoqueray,yoqueray,TW
bladerunner1776,bladerunner1776,TW
2CommentOrNot2Coment,2CommentOrNot2Coment,TW
kuekj,kuekj,TW
hwmnsm,hwmnsm,TW
FishyWaffleFries,FishyWaffleFries,TW
Suspicious_Guard_146,Suspicious_Guard_146,TW
Ok_Entrepreneur9741,Ok_Entrepreneur9741,TW
Ok_Bat6806,Ok_Bat6806,TW
sezane_,sezane_,TW
yojallec,yojallec,TW
Professionly,Professionly,TW
ekim2077,ekim2077,TW
totalperspec,totalperspec,TW
FunConsideration5229,FunConsideration5229,TW
G-LawRides,G-LawRides,TW
Luxferrae,Luxferrae,TW
ScaleWeak7473,ScaleWeak7473,TW
1disgruntledgoat,1disgruntledgoat,TW
